MN,TN,TC,SI,M,AL1,AL2,AL3,AL4,ATP,ATB,TL1,TL2,TL3,TL4,AT,AB,AP,CP,CS,CD,Disabled?,Beached?,SR,DTS,D,DR,ORG,Comments,EID,C,T,PMD,G,DT
1,422,B1,JDS,1,0,0,0,4,0,0,4,3,3,3,0,2,0,0,0,1,0,0,1,2,0,-1,3,Had issues picking up coral from ground with infeed.,2025iri,15,99,1.3,86%,#REF!
1,2826,R1,AD,1,0,0,0,1,0,0,0,0,7,7,0,0,0,0,0,1,0,0,2,2,0,-1,3,,2025iri,14,85,1.5,66%,#REF!
1,5712,R2,Hh,1,0,0,1,0,0,1,0,2,4,2,2,2,0,0,0,1,0,0,1,2,0,-1,3,Seems tippy and climb seems to take a longer time than ideal questionable climb as it was barely off the ground,2025iri,10,65,1.3,40%,#REF!
1,4655,B2,MLM,1,0,0,0,2,0,0,1,0,1,1,0,6,0,1,0,0,0,0,1,1,0,-1,3,"Missed 3 barge algae, 2 coral cycles. Missed 1 L4 in auto. Attempted to climb, not enough time.",2025iri,9,64,1.1,39%,#REF!
1,3494,B3,KA,1,0,0,0,1,0,0,0,6,2,0,2,0,0,1,0,0,0,0,1,1,0,-1,2,,2025iri,8,36,1,9%,#REF!
1,3414,R3,RB,1,0,0,0,2,0,0,0,0,0,0,1,4,0,0,0,1,0,0,0,0,0,-1,1,,2025iri,4,53,0.5,23%,#REF!
2,7457,B1,JDS,1,0,0,0,3,0,0,3,4,6,2,0,3,0,0,0,1,0,0,1,2,0,-1,3,"Was a bit slow at times to get coral, but fast scoring.",2025iri,18,106,1.3,91%,#REF!
2,3663,R1,AD,1,0,0,0,1,0,0,3,3,5,3,1,4,0,0,0,1,0,0,1,1,0,-1,2,,2025iri,18,96,1,82%,#REF!
2,4028,B3,KA,1,0,0,0,1,0,2,1,4,4,4,3,4,0,0,0,1,0,0,2,2,0,-1,4,,2025iri,17,96,1.6,82%,#REF!
2,4499,R3,RB,1,0,0,0,1,0,1,2,3,3,2,2,3,0,0,0,1,0,0,2,1,0,-1,3,,2025iri,13,75,1.3,54%,#REF!
2,1741,R2,Hh,1,0,0,0,1,0,0,1,3,3,4,1,0,0,1,0,0,0,0,1,1,0,-1,3,Kinda slow in intaking and scoring stuff,2025iri,11,53,1.1,23%,#REF!
2,10021,B2,MLM,1,0,0,0,1,0,0,2,0,0,0,0,0,0,1,0,0,0,0,1,0,0,-1,2,Bumper fell off around 1.20 remaining. Missed 2 L4 in auto.,2025iri,2,14,0.8,2%,#REF!
3,33,B2,MLM,1,0,0,0,2,0,0,0,4,4,4,0,4,0,0,0,1,0,0,2,2,0,-1,4,Missed 1 L4 in auto. Looked really smooth.,2025iri,16,101,1.6,88%,#REF!
3,2481,B3,KA,1,1,0,1,1,0,0,0,2,3,3,1,4,0,0,0,1,0,0,1,2,0,-1,4,,2025iri,12,88,1.4,71%,#REF!
3,1987,R1,AD,1,0,0,0,1,0,2,1,1,5,1,4,3,0,0,0,1,0,0,1,1,0,-1,3,,2025iri,11,70,1.1,48%,#REF!
3,1833,R3,RB,1,0,0,0,3,0,0,2,1,0,3,0,0,0,0,0,0,0,0,2,0,0,-1,2,,2025iri,6,46,1,17%,#REF!
3,4926,R2,Hh,1,0,0,0,2,0,0,1,0,3,1,0,0,0,1,0,0,0,0,1,1,0,-1,2,L1 was accidentally really slow human player feed like it takes a decent amount of tries to give it coral,2025iri,5,36,1,9%,#REF!
3,1086,B1,JDS,1,0,0,0,2,0,0,0,0,0,0,0,0,0,0,0,0,1,0,0,2,1,9,2,Could not get coral to score in tele. Had issues trying to score algae in barge. Played awesome defense.,2025iri,0,17,0.966666667,3%,#REF!
4,9245,R3,RB,1,0,2,1,0,0,0,0,9,7,0,0,0,0,0,0,1,0,0,2,2,0,-1,3,,2025iri,16,84,1.5,65%,#REF!
4,1732,R2,Hh,1,0,0,0,3,0,0,3,0,0,2,5,6,2,0,0,1,0,0,1,2,0,-1,4,Pretty accurate algae bot and has ground and source infeed,2025iri,13,96,1.4,82%,#REF!
4,3357,R1,AD,1,0,0,0,1,0,0,2,0,4,6,0,0,0,1,0,0,0,0,1,0,0,-1,2,,2025iri,12,60,0.8,33%,#REF!
4,2137,B2,MLM,1,0,0,0,1,0,0,3,2,3,3,1,1,0,0,1,0,0,0,1,1,0,-1,3,"Spasmed during auto after missing L4. Driving overall also looked a little spazzy, could be either driver or code.",2025iri,12,61,1.1,34%,#REF!
4,1023,B3,KA,1,0,0,0,0,0,0,0,3,5,2,2,0,2,1,0,0,0,0,1,0,0,-1,2,"Their arm for placing coral was not very accurate, and their auton missed everything",2025iri,12,50,0.8,19%,#REF!
4,302,B1,JDS,1,0,0,0,1,0,2,0,2,3,2,0,4,0,1,0,0,0,0,1,1,0,-1,2,Can not acquire coral from source with a coral against the wall. Slow climb.,2025iri,11,62,1,36%,#REF!
5,5687,B1,JDS,1,0,0,0,2,0,0,0,6,6,3,1,3,0,0,0,1,0,1,1,2,0,-1,3,Beached for a few seconds when saving a beached team bot. Source acquired.,2025iri,18,104,1.1,90%,#REF!
5,67,R1,AD,1,0,0,0,4,0,0,3,5,4,3,2,2,0,0,0,1,0,0,2,2,0,-1,4,,2025iri,17,107,1.6,91%,#REF!
5,1768,R3,RB,1,0,0,0,3,0,0,1,5,2,2,2,1,1,0,0,1,0,0,2,2,0,-1,4,,2025iri,12,81,1.6,60%,#REF!
5,469,B2,MLM,1,0,0,0,1,0,0,0,3,3,1,1,1,2,1,0,0,0,0,1,1,0,-1,3,Auto stopped after center L4. Spent a little too long going after algae before switching to scoring coral. Driving was slow at first but improved. Piece acquisition is a lil sketchy overall.,2025iri,10,50,1.1,19%,#REF!
5,9015,B3,KA,1,0,0,0,3,0,0,0,1,1,1,0,0,0,1,0,0,0,1,1,1,1,3,1,"Really good auton, got beached than unbeached by teammate. Sadly they then got coral stuck in their bot so they tried to play defense, but got a foul. Hang did not work either.",2025iri,3,36,0.683333333,9%,#REF!
5,45,R2,Hh,1,0,0,0,1,0,0,0,0,3,0,0,0,0,0,0,1,0,0,0,0,0,-1,2,Maybe just a bad match but algae intake is super shaky and does not look reliable at all,2025iri,3,34,0.6,8%,#REF!
6,2056,B1,JDS,1,0,0,0,5,0,0,2,5,6,2,0,1,3,0,0,1,0,0,2,1,0,-1,4,Seems like they switched drive teams? Some of the scoring was slow.,2025iri,19,121,1.4,98%,#REF!
6,2832,R1,AD,1,0,0,0,3,0,0,2,4,4,2,3,5,0,0,0,1,0,0,2,1,0,-1,3,,2025iri,17,108,1.3,92%,#REF!
6,341,B3,KA,1,0,0,0,2,0,0,1,5,5,3,2,1,0,0,0,1,0,0,2,2,0,-1,3,They throw the algae which can make it be inconsistent and bounce out of the barge,2025iri,15,87,1.5,69%,#REF!
6,3940,R2,Hh,1,0,0,0,2,0,0,5,2,4,1,0,0,2,1,0,0,0,0,1,2,0,-1,3,Beautifully fast but careful with bot has deep climb but ran into algae and out of time,2025iri,14,62,1.3,36%,#REF!
6,2075,R3,RB,1,0,0,0,1,0,0,0,3,2,0,1,3,0,0,0,1,0,0,1,2,0,-1,3,,2025iri,8,57,1.3,28%,#REF!
6,112,B2,MLM,1,0,0,0,0,0,0,0,0,0,0,2,4,0,1,0,0,0,0,1,0,0,-1,2,Robot started oriented wrong way in auto. Overall not great. Drivers seem unfamiliar with robot.,2025iri,4,27,0.8,5%,#REF!
7,118,R1,AD,1,0,0,0,4,0,0,0,7,6,3,0,4,0,0,0,1,0,0,2,2,0,-1,4,,2025iri,20,127,1.6,98%,#REF!
7,4143,B2,MLM,1,0,0,0,2,0,0,0,4,4,4,3,3,0,0,0,1,0,0,1,1,0,-1,3,Missed an L3. Had to frequently realign/readjust to score coral on any level. Smooth ground pickup for coral.,2025iri,15,95,1.1,81%,#REF!
7,2491,R2,Hh,1,0,0,0,0,0,3,0,2,4,4,3,1,2,0,0,1,0,0,1,2,0,-1,3,Very fast but accurate did have to spit out coral some idk why but overall good,2025iri,13,71,1.3,50%,#REF!
7,8044,B1,JDS,1,0,0,0,2,0,0,0,2,2,0,0,6,2,0,0,1,0,0,1,2,0,-1,3,Did mostly algae. Ground infeed for coral and scores like us.,2025iri,12,87,1.3,69%,#REF!
7,1024,B3,KA,1,1,1,0,0,0,0,0,3,5,3,0,0,0,0,0,1,0,0,2,1,0,-1,3,Did well except they tended to miss when dropping off coral. Auton also missed once,2025iri,11,66,1.3,42%,#REF!
7,9032,R3,RB,1,0,1,0,1,0,0,1,4,1,0,0,0,0,0,0,1,0,0,0,1,0,-1,2,,2025iri,6,44,0.8,14%,#REF!
8,3767,B2,MLM,1,0,0,0,2,0,0,7,6,4,0,0,0,0,0,0,1,0,0,1,2,0,-1,3,Floor to reef cycles were super quick as they filled the bottom of the reef. Placements in L1 look confident. Could've gotten another coral at end of auto.,2025iri,17,77,1.3,57%,#REF!
8,3538,R2,Hh,1,0,0,0,0,0,0,0,3,8,5,0,0,0,0,0,1,0,0,1,2,0,-1,3,Super fast auton attempted algae but failed not ideal algae bot from this match but pretty good at coral,2025iri,16,81,1.3,60%,#REF!
8,4145,B3,KA,1,0,0,0,3,0,0,2,3,4,1,1,1,2,0,0,1,0,0,2,2,0,-1,4,,2025iri,13,84,1.6,65%,#REF!
8,4646,B1,JDS,1,1,0,0,2,0,0,0,1,2,4,0,5,0,0,0,1,0,0,1,1,0,-1,2,"Good auton, but slower tele. Ground infeed.",2025iri,12,93,1,78%,#REF!
8,449,R1,AD,1,1,0,0,1,0,0,0,1,0,2,2,4,0,1,0,0,0,0,1,0,0,-1,0,,2025iri,7,50,0.6,19%,#REF!
8,4590,R3,RB,1,0,0,0,2,0,0,0,0,2,3,0,1,0,1,0,0,0,0,1,0,0,-1,2,,2025iri,6,46,0.8,17%,#REF!
9,111,B2,MLM,1,0,0,1,1,0,0,4,8,4,3,2,0,1,1,0,0,0,0,2,2,0,-1,3,They were too fast and I might have missed a cycle or two. Failed to climb. Super smooth otherwise.,2025iri,20,83,1.5,63%,#REF!
9,1706,R2,Hh,1,0,0,0,3,0,0,0,4,4,5,3,3,2,0,0,1,0,0,1,2,0,-1,3,Climb is relatively fast but super close to ground can do coral super fast but also accurately although sometimes seems like the coral could jump off the reef,2025iri,18,115,1.3,97%,#REF!
9,868,B3,KA,1,0,0,0,1,0,2,2,3,4,2,1,0,1,0,0,1,0,0,2,1,0,-1,3,"Their coral arm could sometimes be inaccurate cause it dropped it, and it didn't look like it had an auto score function",2025iri,12,65,1.3,40%,#REF!
9,2767,R1,AD,1,0,0,0,1,0,2,0,1,2,0,0,8,0,1,0,0,0,0,2,2,0,-1,2,,2025iri,11,69,1.4,47%,#REF!
9,234,R3,RB,1,0,0,0,0,0,0,2,2,5,2,0,0,0,0,0,1,0,0,1,2,0,-1,3,,2025iri,11,55,1.3,26%,#REF!
9,125,B1,JDS,1,0,0,0,3,0,0,1,2,2,2,0,3,0,0,0,1,0,0,1,1,0,-1,2,Ground infeed. Mostly got from source. Missed a few algae. Fast climb. Issues with l1.,2025iri,10,80,1,59%,#REF!
10,1690,B1,JDS,1,0,0,0,5,0,0,11,6,6,2,1,1,0,0,0,1,0,0,2,2,0,-1,4,Can not stop scoring.,2025iri,26,130,1.6,100%,#REF!
10,694,R1,AD,1,0,0,0,3,0,0,5,5,4,1,1,3,0,0,0,1,0,0,2,2,0,-1,3,,2025iri,18,100,1.5,88%,#REF!
10,3276,R2,Hh,1,0,0,0,1,0,3,5,3,4,2,0,3,0,0,0,1,0,0,1,2,0,-1,3,Pretty good at coral and algae pretty good speed as well,2025iri,17,85,1.3,66%,#REF!
10,180,B2,MLM,1,0,0,0,2,0,0,0,4,5,2,2,1,0,1,0,0,0,0,1,1,0,-1,3,Beached themselves in auto but got off easily. Missed the same L4 post twice. Seemed to be driving confusedly at first but got back on track.,2025iri,12,65,1.1,40%,#REF!
10,302,R3,RB,1,0,0,0,3,0,0,0,3,4,2,0,0,1,1,0,0,0,0,0,1,0,-1,2,,2025iri,10,63,0.8,38%,#REF!
10,5907,B3,KA,1,0,0,0,0,1,0,0,0,0,0,1,2,1,0,0,0,0,0,0,1,0,-1,0,Very bad intake abilities. Very slow cycle times struggled to score what it had intaken,2025iri,3,19,0.6,3%,#REF!
11,1768,R1,AD,1,0,0,0,3,0,0,0,3,5,6,3,2,0,0,0,1,0,0,2,2,0,-1,3,,2025iri,16,107,1.5,91%,#REF!
11,3494,R3,Ags,1,0,1,0,0,0,0,3,8,5,0,0,0,0,0,0,1,0,0,1,1,0,-1,2,Struggles with ground pickup,2025iri,16,69,1,47%,#REF!
11,2137,R2,NW,1,0,0,0,3,0,0,3,1,1,0,2,3,2,0,0,1,0,1,1,1,0,-1,3,Missed 3 barge balls and beached themselves when trying to pick up a ground algae but decent ground pickup,2025iri,10,75,0.9,54%,#REF!
11,1741,B3,JDS,1,0,0,0,1,0,0,0,0,5,3,0,0,2,0,0,0,0,0,1,1,0,-1,1,Dropped 2 algae attempted in auton. Slow scoring. Ground infeed.,2025iri,10,53,0.9,23%,#REF!
11,4926,B1,SH,1,0,0,0,2,0,0,0,2,3,3,0,0,0,1,0,0,0,0,1,1,0,0,2,Infeed is wall only - slowClimb takes forever to line up - never got there in time.,2025iri,8,50,1,19%,#REF!
11,10021,B2,SE,1,0,0,0,0,0,0,0,4,3,1,0,0,0,1,0,0,0,0,0,0,0,-1,1,Very jank!!,2025iri,8,32,0.5,6%,#REF!
12,341,B1,SH,1,0,0,0,2,0,0,8,4,6,2,1,1,0,0,0,1,0,0,2,2,0,-1,4,"Sweet, fast infeed - super consistent scoring of coral.",2025iri,21,97,1.6,84%,#REF!
12,422,B3,JDS,1,0,0,0,3,0,0,5,6,4,2,1,0,1,0,0,1,0,0,2,2,0,-1,4,Very fast scoring. Ground infeed for coral is not great.,2025iri,18,94,1.6,79%,#REF!
12,5687,R3,Ags,1,0,0,0,4,0,0,0,6,5,4,0,0,2,0,0,1,0,0,1,2,0,-1,3,"Very fast, source coral only",2025iri,17,109,1.3,93%,#REF!
12,3663,R2,RH,1,0,0,0,1,0,0,1,6,7,1,0,0,0,0,0,1,0,0,1,1,0,-1,3,They were good at grabbing coral,2025iri,15,75,1.1,54%,#REF!
12,4499,B2,SE,1,0,0,0,1,0,2,0,2,2,1,0,8,1,1,0,0,0,0,2,2,0,-1,4,Very clean driving.,2025iri,14,81,1.6,60%,#REF!
12,112,R1,AD,1,0,0,0,0,0,1,0,0,0,0,2,5,0,1,0,0,0,0,1,0,0,-1,1,,2025iri,5,33,0.7,7%,#REF!
13,2056,B3,JDS,1,0,0,0,5,0,0,4,3,4,1,0,6,2,1,0,0,0,0,2,2,0,-1,4,Focusing on algae. Very fast l1.,2025iri,20,120,1.6,97%,#REF!
13,4028,R2,RH,1,0,0,0,1,0,3,0,1,4,3,1,7,0,1,0,0,0,0,2,2,0,-1,3,Missed hang took to much time for coral at the end,2025iri,15,86,1.5,68%,#REF!
13,2491,B2,GS,1,0,0,1,0,0,2,2,5,4,1,0,0,0,0,0,1,0,0,1,1,0,-1,2,Slow and inconsistent scoring,2025iri,12,61,1,34%,#REF!
13,4655,R3,Ags,1,0,0,0,3,0,0,0,3,3,2,2,3,0,0,0,1,0,0,0,0,0,-1,1,Got jammed up and descored coral,2025iri,11,85,0.5,66%,#REF!
13,1086,B1,SH,1,0,0,0,2,0,0,0,2,2,3,0,0,0,0,0,0,0,0,1,1,0,-1,2,Wall infeed bounces out often.Coral scoring is too,2025iri,7,46,1,17%,#REF!
13,45,R1,AD,1,0,0,0,1,0,0,0,0,3,2,1,0,0,0,0,1,0,0,1,0,0,-1,0,,2025iri,5,44,0.6,14%,#REF!
14,4143,B1,MLM,1,0,0,0,2,0,0,0,5,2,4,3,1,2,0,0,1,0,0,1,1,0,-1,2,Had some alignment issues with some coral scoring.,2025iri,14,86,1,68%,#REF!
14,33,R3,Ags,1,0,0,0,4,0,0,0,2,4,1,3,3,2,0,0,1,0,0,2,2,0,-1,4,Stuck on opposing robot for a joyride,2025iri,12,96,1.6,82%,#REF!
14,3357,B2,RB,1,0,0,0,2,0,0,1,3,3,3,0,0,0,1,0,0,0,0,2,0,0,-1,2,,2025iri,10,55,1,26%,#REF!
14,469,R1,AD,1,0,0,0,1,0,0,0,3,1,2,2,4,0,1,0,0,0,0,0,1,0,-1,1,,2025iri,10,57,0.7,28%,#REF!
14,1024,R2,RH,1,0,0,0,1,0,0,0,2,3,2,0,0,0,0,0,1,0,0,1,1,0,-1,2,,2025iri,7,50,1,19%,#REF!
14,449,B3,JDS,1,0,0,0,0,0,0,0,0,3,1,0,1,2,0,0,1,0,0,1,2,1,7,2,Missed everything in auton. Something stopped working and played good defense.,2025iri,7,46,1.233333333,17%,#REF!
15,111,R3,Ags,1,0,0,1,0,0,1,0,5,8,4,4,3,0,1,0,0,0,0,1,1,0,-1,2,Dropped 1 or 2 coral and may have declined their partner,2025iri,20,94,1,79%,#REF!
15,1833,B1,SH,1,0,0,0,1,0,0,4,5,6,3,2,0,0,0,0,1,0,0,1,1,0,-1,2,Wall coral infeed is not greatest - fails to acquire during auton. Little floor coral infeed is sweet but only does L1,2025iri,18,84,1,65%,#REF!
15,3767,B3,JDS,1,0,0,0,2,0,0,3,4,5,2,1,0,2,1,0,0,0,0,1,2,0,-1,3,Somewhat slow coral from ground. Did not attempt to climb.,2025iri,16,73,1.3,52%,#REF!
15,3940,R2,RH,1,0,0,0,1,0,0,3,4,2,3,0,0,2,1,0,0,0,0,0,1,0,-1,2,It broke on climb or slipped idk,2025iri,14,59,0.8,31%,#REF!
15,125,B2,SE,1,1,0,0,3,0,0,0,0,1,1,0,6,0,1,0,0,0,0,1,1,0,-1,3,Lots of control mistakes.,2025iri,8,72,1.1,51%,#REF!
15,9015,R1,AD,1,0,0,0,0,0,0,0,2,1,4,0,0,0,1,0,0,0,0,1,0,0,-1,0,,2025iri,7,33,0.6,7%,#REF!
16,3276,R1,AD,1,0,0,0,1,0,3,1,4,2,1,0,7,0,0,0,1,0,0,2,2,0,-1,2,,2025iri,15,91,1.4,75%,#REF!
16,2767,B2,SE,1,0,0,0,3,0,0,0,0,1,4,0,6,1,0,0,1,0,0,2,2,0,-1,4,Clean at algae.,2025iri,12,100,1.6,88%,#REF!
16,4145,R3,Ags,1,0,0,0,1,0,0,0,0,0,8,0,0,2,0,0,1,0,0,1,0,0,-1,1,Terrible coral station traffic management,2025iri,10,70,0.7,48%,#REF!
16,9032,B3,CB,1,0,0,0,1,0,0,0,6,3,1,0,0,0,0,0,1,0,0,1,0,0,-1,2,I don't think they are a bad robot just very sloppy,2025iri,10,57,0.8,28%,#REF!
16,5712,B1,SH,1,0,0,0,0,0,1,0,1,3,4,2,1,1,0,0,1,0,0,1,1,0,-1,2,,2025iri,10,60,1,33%,#REF!
16,9245,R2,RH,1,1,2,0,0,0,0,0,3,6,0,0,0,0,0,0,1,0,0,1,0,0,-1,1,It struggled with getting coral to stay in,2025iri,9,59,0.7,31%,#REF!
17,1690,B1,SH,1,0,0,0,4,0,0,7,4,5,2,2,1,0,0,0,1,0,0,2,2,0,-1,4,Algae suction seemed off - maybe the angle trying to acquire,2025iri,19,105,1.6,91%,#REF!
17,2075,R1,AD,1,0,0,0,1,0,0,0,4,5,2,3,3,0,0,0,1,0,0,1,1,0,-1,2,,2025iri,14,82,1,62%,#REF!
17,868,R3,Ags,1,0,0,0,2,0,0,1,2,4,4,1,0,2,0,0,1,0,0,1,1,0,-1,2,Somewhat erratic,2025iri,13,81,1,60%,#REF!
17,694,B3,CB,1,0,0,0,2,0,0,1,3,4,3,2,2,0,0,0,1,0,0,1,1,0,-1,3,Lost track so stats might not be accurate,2025iri,13,83,1.1,63%,#REF!
17,67,B2,SE,1,0,0,0,1,0,0,0,3,3,0,0,1,0,1,0,0,0,0,1,1,0,-1,3,Sloppy driving. But overall good.,2025iri,7,37,1.1,10%,#REF!
17,4646,R2,RH,0,0,0,0,0,0,0,0,0,0,0,0,0,0,0,0,0,1,0,1,1,0,-1,0,It no worky,2025iri,0,0,0.6,0%,#REF!
18,1706,B3,CB,1,0,0,0,1,0,0,0,5,3,2,2,3,2,1,0,0,0,0,1,2,0,-1,3,Good but missed auton and climb,2025iri,15,73,1.3,52%,#REF!
18,1987,R1,AD,1,0,0,0,3,0,0,2,3,3,2,3,3,0,0,0,1,0,0,2,0,0,-1,2,,2025iri,13,89,1,72%,#REF!
18,3538,R3,Ags,1,0,0,0,1,0,3,0,2,5,1,0,1,0,0,0,1,0,0,1,1,0,-1,2,Struggled with algae,2025iri,9,59,1,31%,#REF!
18,67,B2,SE,1,0,0,0,3,0,0,0,1,2,2,0,4,0,0,0,1,0,0,2,1,0,-1,4,Clean.,2025iri,9,81,1.4,60%,#REF!
18,5907,B1,SH,1,0,0,0,0,0,0,0,1,4,2,0,0,0,1,0,0,1,0,0,0,0,-1,1,Not IRI quality robot or driving.,2025iri,7,32,0.3,6%,#REF!
18,2826,R2,RH,1,0,0,0,1,0,0,1,1,2,2,0,0,0,0,0,1,0,0,1,1,0,-1,2,,2025iri,6,45,1,16%,#REF!
19,2481,B1,SH,1,0,0,2,2,0,0,5,7,4,3,0,2,0,0,0,0,0,0,2,2,0,-1,4,Super fast ground infeed and coral scoring,2025iri,21,103,1.6,90%,#REF!
19,2832,R1,AD,1,0,0,0,3,0,0,0,1,3,2,2,5,2,1,0,0,0,0,1,0,0,-1,2,,2025iri,13,87,0.8,69%,#REF!
19,118,B2,SE,1,0,2,0,0,0,0,3,0,2,0,0,8,0,0,0,1,0,0,2,2,0,-1,4,Very clean driving.,2025iri,13,85,1.6,66%,#REF!
19,1023,B3,CB,1,0,0,0,1,0,0,0,4,2,2,3,1,2,1,0,0,0,0,0,1,0,-1,2,Has a little bit of a sloppy handoff and swayed a bit and climb broke,2025iri,11,54,0.8,25%,#REF!
19,7457,R2,RH,1,0,0,0,3,0,0,0,3,5,2,2,0,0,0,0,1,0,0,2,2,0,-1,4,They were fast,2025iri,10,75,1.6,54%,#REF!
19,234,R3,Ags,1,0,0,0,1,0,0,0,2,4,0,0,0,0,0,0,1,0,0,1,1,0,-1,2,Slooowww,2025iri,6,44,1,14%,#REF!
20,422,R3,Ags,1,0,0,0,2,0,0,4,7,7,2,1,0,1,1,0,0,0,0,2,2,0,-1,3,Fast but station only,2025iri,21,88,1.5,71%,#REF!
20,2137,B3,CB,1,0,0,0,3,0,0,2,5,7,2,2,0,1,0,0,1,0,0,2,2,0,-1,3,Was efficient and very good but a station bot without the biggest funnel,2025iri,17,97,1.5,84%,#REF!
20,8044,R2,RH,1,0,0,0,2,0,0,0,0,4,5,1,2,0,0,0,0,0,0,1,1,0,-1,2,,2025iri,11,70,1,48%,#REF!
20,180,B1,SH,1,0,0,0,3,0,0,0,4,4,1,1,1,0,0,0,1,1,1,1,1,0,-1,2,Auton had issues. Disabled after auton before reconnecting. Struggled to hit L4. Jerky driving until back in the groove.,2025iri,10,75,0.6,54%,#REF!
20,4590,B2,SE,1,0,0,0,1,0,2,0,3,1,1,0,2,0,0,0,1,0,0,1,0,0,-1,2,Very bad driving.,2025iri,7,52,0.8,22%,#REF!
20,3414,R1,AD,1,0,0,0,0,0,0,0,0,0,1,1,2,1,0,0,1,0,0,1,0,0,-1,0,,2025iri,4,36,0.6,9%,#REF!
21,111,R3,AGS,1,0,0,0,1,0,0,4,8,6,3,0,0,1,0,0,1,0,0,2,2,0,-1,3,Auton was bad,2025iri,22,97,1.5,84%,#REF!
21,1768,B2,MLM,1,0,0,0,2,0,0,0,6,7,3,2,1,0,0,0,1,0,0,1,1,0,-1,2,Auton looked snazzy and missed some. Super sloppy scoring. Missed at least 4 coral and 2 algae from carelessness. Super fast cycles.,2025iri,17,96,1,82%,#REF!
21,4143,R2,SH,1,0,0,0,2,0,0,5,2,2,4,1,0,1,1,0,0,0,0,1,1,0,-1,2,Maybe New or different drive team or operator - jerky and struggle to orient in and outfeeds as intended for scoring,2025iri,14,65,1,40%,#REF!
21,3940,B1,JDS,1,0,0,0,1,0,0,4,3,2,1,1,0,2,0,0,1,0,0,1,1,0,-1,2,Slow doing things but smooth and consistent.,2025iri,12,60,1,33%,#REF!
21,302,R1,AD,1,0,0,0,1,0,1,0,2,4,1,0,3,0,0,0,1,0,0,1,1,0,-1,2,,2025iri,10,67,1,43%,#REF!
21,1086,B3,CB,1,0,0,0,1,0,0,1,1,4,4,2,0,0,1,0,0,0,0,1,1,0,-1,2,Funnel bot that dose not move while the coral is in their funnel,2025iri,10,51,1,21%,#REF!
22,4145,R3,AGS,1,0,0,0,3,0,0,1,2,6,2,1,1,2,0,0,1,0,0,1,1,0,-1,2,,2025iri,14,92,1,76%,#REF!
22,125,B2,MLM,1,0,0,0,4,0,0,0,3,3,2,4,5,0,1,0,0,0,0,1,1,0,-1,3,Cycles were on the slower side but scored everything well.,2025iri,13,92,1.1,76%,#REF!
22,1741,B1,JDS,1,0,0,0,2,0,0,0,5,6,2,0,0,0,1,0,0,0,0,1,1,0,-1,2,Slow scoring,2025iri,13,66,1,42%,#REF!
22,5712,R2,SH,1,0,0,0,1,0,0,0,3,5,3,2,2,0,1,0,0,0,0,1,1,0,-1,2,HP struggled to feed in a timely manner or pay attention to dwindling supply - screwed their team repeatedly,2025iri,13,66,1,42%,#REF!
22,1024,R1,AD,1,0,0,0,0,0,0,0,2,1,3,0,0,0,1,0,0,0,0,1,0,0,-1,1,,2025iri,6,28,0.7,5%,#REF!
22,45,B3,CB,1,0,0,0,1,0,0,0,0,0,0,3,1,2,0,0,0,0,0,0,0,0,-1,0,Flipped over,2025iri,3,24,0.4,4%,#REF!
23,868,B1,JDS,1,0,0,0,1,0,1,1,3,3,1,2,6,0,1,0,0,0,0,1,2,0,-1,3,Second algae in auton was not grabbed with 7ish seconds left.,2025iri,14,74,1.3,54%,#REF!
23,9015,B2,MLM,1,0,0,0,2,0,0,0,4,3,3,0,0,0,0,0,1,0,0,1,1,0,-1,2,A little sloppy scoring here and there but overall not too bad. Missed 2/4 L4 in auto.,2025iri,10,68,1,45%,#REF!
23,9015,B3,CB,1,0,0,0,0,0,0,1,2,2,3,1,2,0,0,0,1,0,0,2,1,0,-1,3,They have same color numbers as us,2025iri,10,58,1.3,30%,#REF!
23,449,R1,AD,1,0,0,0,1,0,0,1,0,0,2,1,5,0,1,0,0,0,0,0,0,0,-1,1,,2025iri,8,52,0.5,22%,#REF!
23,10021,R3,CB,1,0,0,0,0,0,0,0,5,2,1,1,0,0,0,0,1,0,0,1,1,0,-1,1,Someone ran the wrong Autonomous and that caused them to break their teammate,2025iri,8,43,0.9,14%,#REF!
23,4655,R2,Hh,1,0,0,0,0,0,0,0,0,0,0,0,0,0,0,0,0,1,0,1,1,1,0,1,Sucked at defense and ended up with at least two coral in robot after disabled,2025iri,0,3,0.583333333,1%,#REF!
24,4028,B1,JDS,1,0,0,0,1,0,3,5,6,4,2,0,4,0,0,0,0,0,0,2,2,0,-1,4,Good auton and teleop. Messed up climb.,2025iri,21,88,1.6,71%,#REF!
24,67,R1,AD,1,0,0,0,2,0,0,6,0,5,3,4,2,0,0,0,1,0,0,2,2,0,-1,3,,2025iri,16,88,1.5,71%,#REF!
24,2826,B2,MLM,1,0,0,0,2,0,0,2,4,3,2,0,0,0,0,0,1,0,0,1,1,0,-1,2,L4 alignment takes long. Not great but okay overall.,2025iri,11,67,1,43%,#REF!
24,4499,B3,CB,1,0,0,0,2,0,0,3,1,2,2,1,1,1,0,0,0,0,0,1,1,0,-1,2,,2025iri,10,54,1,25%,#REF!
24,4926,R2,Hh,1,0,0,0,2,0,0,0,5,3,1,0,0,0,0,0,1,0,0,1,1,0,-1,3,Infeed coral process seems very specific and time consuming but the robot is fast and accurate as well,2025iri,9,61,1.1,34%,#REF!
24,3357,R3,KA,1,0,0,0,1,0,0,0,4,3,2,0,0,0,0,0,0,0,0,1,0,0,-1,2,Very inaccurate not auto scorer,2025iri,9,44,0.8,14%,#REF!
25,1690,B2,MLM,1,0,0,0,4,0,0,11,6,6,3,2,2,0,0,0,1,0,0,2,2,0,-1,4,Auto was clean. Tely was clean. Too fast lol,2025iri,28,134,1.6,100%,#REF!
25,1023,R3,RB,1,0,0,0,2,0,0,1,2,4,4,1,0,0,0,0,1,0,0,1,2,0,-1,3,,2025iri,11,73,1.3,52%,#REF!
25,3767,B3,AGS,1,0,0,0,2,0,0,0,3,6,2,1,0,0,0,0,1,0,0,1,1,0,-1,3,Auto missed a lollipop tele had inconsistent ground pickup,2025iri,11,72,1.1,51%,#REF!
25,112,B1,JDS,1,0,0,0,0,0,2,0,0,0,0,0,6,2,1,0,0,0,0,2,2,0,-1,2,Missed several algae in the barge. Stole 2 algae from opponents. Algae only.,2025iri,8,47,1.4,18%,#REF!
25,234,R1,AD,1,0,0,0,0,0,0,2,3,1,2,1,0,0,0,0,1,0,0,1,0,0,-1,1,,2025iri,8,42,0.7,12%,#REF!
25,5907,R2,Hh,1,0,0,0,0,0,0,1,1,3,0,4,0,2,1,0,0,0,0,1,1,0,-1,2,L1 was accident slow at everything and auton did not work algae thing was meh,2025iri,7,28,1,5%,#REF!
26,2056,B3,AGS,1,0,0,0,5,0,0,0,7,7,4,0,2,2,1,0,0,0,0,2,2,0,-1,4,Burned some time fighting for algae and missed climb,2025iri,22,127,1.6,98%,#REF!
26,118,R1,AD,1,0,0,0,3,0,0,5,3,3,2,2,4,0,0,0,1,0,0,2,2,0,-1,3,,2025iri,17,101,1.5,88%,#REF!
26,2726,R3,RB,1,0,0,0,0,0,2,1,4,2,2,1,2,2,1,0,0,0,0,2,2,1,3,4,Stole algae from the blue side in auton,2025iri,13,55,1.433333333,26%,#REF!
26,1732,R2,Hh,1,0,0,0,3,0,0,0,4,4,1,1,3,0,0,0,1,0,0,1,2,0,-1,4,Personal opinion is an A did a pretty good job overall and is good speed and accurate,2025iri,12,87,1.4,69%,#REF!
26,4646,B2,MLM,1,0,0,0,1,0,0,0,2,2,2,2,4,0,0,0,1,0,0,1,1,0,-1,2,"Missed scoring a few pieces, but most were understandable errors. A lil slow, but not consistent.",2025iri,10,70,1,48%,#REF!
26,3414,B1,JDS,1,1,0,0,0,0,0,0,1,2,0,0,1,0,1,0,0,0,0,1,0,0,-1,1,Drove around most of the match doing nothing.,2025iri,4,23,0.7,4%,#REF!
27,1706,R1,AD,1,0,0,0,2,0,0,3,3,4,1,1,8,0,0,0,1,0,0,2,2,0,-1,3,,2025iri,19,113,1.5,96%,#REF!
27,5687,B1,JDS,1,0,0,0,4,0,0,2,6,4,1,0,4,0,1,0,0,0,0,2,2,0,-1,4,Very fast source cycles. Messed up acquiring cage.,2025iri,17,98,1.6,85%,#REF!
27,1833,R2,Hh,1,0,0,0,2,0,0,2,5,4,3,0,0,0,0,0,1,0,0,1,1,0,-1,3,Possible that I miscounted but decent speed quick climb and the coral is not bad but idk,2025iri,14,79,1.1,58%,#REF!
27,4590,B2,MLM,1,0,0,0,1,0,0,0,4,6,2,0,1,1,0,0,1,0,0,1,1,0,-1,2,They seemed to struggle with aligning with one face of the reef. Had to realign a lot on that face. A wee bit slow.,2025iri,14,78,1,57%,#REF!
27,3276,R3,RB,1,0,0,0,0,0,1,2,2,2,3,0,4,0,0,0,1,0,0,2,2,0,-1,4,,2025iri,13,72,1.6,51%,#REF!
27,2491,B3,AGS,1,0,0,0,1,0,3,3,2,1,3,0,0,1,0,0,1,0,0,1,1,0,-1,2,Sick auto but dropped coral in tele,2025iri,10,57,1,28%,#REF!
28,1987,B1,JDS,1,0,0,0,1,0,2,0,3,3,6,0,2,0,1,0,0,0,0,1,2,0,-1,3,Pretty ok robot. Did not leave enough time to climb.,2025iri,14,73,1.3,52%,#REF!
28,2832,B2,MLM,1,0,0,0,3,0,0,0,5,5,1,1,1,2,0,0,1,0,0,1,1,0,-1,2,A wee bit slow but pretty smooth cycles from station to reef.,2025iri,14,90,1,74%,#REF!
28,9245,R3,RB,1,0,2,1,0,0,0,1,6,6,0,0,0,0,1,0,0,0,0,0,2,0,-1,4,Got Coral fast,2025iri,13,61,1.2,34%,#REF!
28,3663,R1,AD,1,0,0,0,3,0,0,1,1,2,7,2,1,0,0,0,1,0,0,2,2,0,-1,3,,2025iri,12,90,1.5,74%,#REF!
28,3538,R2,Hh,1,0,0,0,1,0,2,0,3,0,1,0,5,2,1,0,0,0,0,1,2,0,-1,3,Nice speed and although I think the algae intake seems a little shaky it is a good intake they were lined up to deep climb but maybe something had an issue,2025iri,11,62,1.3,36%,#REF!
28,180,B3,AGS,1,0,0,0,1,0,0,0,0,0,0,0,0,0,0,0,1,0,0,1,1,1,5,0,Broke down and played defense,2025iri,0,22,0.833333333,4%,#REF!
29,694,B2,MLM,1,0,1,0,3,0,0,6,3,7,2,1,1,0,1,0,0,0,0,1,1,0,-1,3,No time to climb at end. Mostly consistent coral scoring with decent speed.,2025iri,19,93,1.1,78%,#REF!
29,8044,R1,AD,1,0,0,0,3,0,0,4,2,2,2,2,7,0,0,0,1,0,0,2,2,0,-1,3,,2025iri,17,110,1.5,94%,#REF!
29,2481,R3,RB,1,0,0,0,1,0,0,3,2,2,3,2,3,0,0,0,1,0,0,1,1,0,-1,3,,2025iri,13,75,1.1,54%,#REF!
29,3494,R2,Hh,1,0,0,0,0,0,0,4,5,3,0,0,0,0,0,0,1,0,0,1,1,0,-1,3,Sometimes fumbles with coral auton had stuff but pre loaded coral failed and so messed the rest of it up,2025iri,12,50,1.1,19%,#REF!
29,469,B3,AGS,1,0,0,0,3,0,0,0,2,3,2,0,3,0,1,0,0,0,0,1,1,0,-1,2,Dropped a few corals,2025iri,10,70,1,48%,#REF!
29,2075,B1,JDS,1,0,0,0,1,0,0,0,1,0,0,0,1,5,0,0,1,0,0,0,1,0,-1,2,"Looked like something with their end effector broke. Did processor algae, but algae ground was not good.",2025iri,7,51,0.8,21%,#REF!
30,7457,B1,JDS,1,0,0,0,2,0,0,5,7,5,2,0,4,0,0,0,1,0,0,2,2,0,-1,4,Very fast source cycles.,2025iri,23,114,1.6,96%,#REF!
30,868,R1,AD,1,0,0,0,4,0,0,0,2,5,1,2,6,0,1,0,0,0,0,1,2,0,-1,2,,2025iri,14,98,1.2,85%,#REF!
30,33,R3,RB,1,0,0,0,3,0,0,1,2,6,2,2,1,2,0,0,1,0,0,2,1,0,-1,3,,2025iri,14,92,1.3,76%,#REF!
30,2826,B3,AGS,1,0,0,0,1,0,0,2,3,5,3,0,0,0,0,0,1,0,0,1,1,0,-1,2,Handoff tends to drop coral,2025iri,13,70,1,48%,#REF!
30,3940,B2,MLM,1,0,0,0,1,0,0,3,3,1,3,1,0,3,0,0,1,0,0,1,1,0,-1,2,Auto sad. Missed at least 2 coral scoring in tely. Driving was a lil shaky looking.,2025iri,13,68,1,45%,#REF!
30,9032,R2,Hh,1,0,0,0,1,0,0,0,6,2,1,0,0,0,0,0,1,0,0,1,1,0,-1,2,Nothing necessarily bad but it's not the best choice in my perspective nice speed but does not do very well for accuracy,2025iri,9,53,1,23%,#REF!
31,67,B2,SE,1,0,0,3,0,0,0,0,6,4,3,0,0,2,0,0,1,0,0,2,2,0,-1,4,Great driving. Clean super cycles.,2025iri,15,90,1.6,74%,#REF!
31,3767,R2,KA,1,0,0,0,2,0,0,0,4,5,3,0,0,0,0,0,1,0,0,1,1,0,-1,3,Missed some coral as the coral scorer is not very efficient. No auto scoring system,2025iri,12,76,1.1,56%,#REF!
31,302,R3,RB,1,0,0,0,3,0,0,0,2,3,1,3,3,2,1,0,0,0,0,0,1,0,-1,2,,2025iri,11,73,0.8,52%,#REF!
31,5907,R1,AD,1,0,0,0,1,0,0,0,5,2,0,2,1,0,1,0,0,0,0,1,1,0,-1,1,,2025iri,8,39,0.9,12%,#REF!
31,1024,B3,AGS,1,0,0,0,0,0,0,1,1,0,5,0,0,0,1,0,0,0,0,1,1,0,-1,2,Missed auto and climb,2025iri,7,33,1,7%,#REF!
31,10021,B1,SH,1,0,0,0,0,0,0,0,4,2,1,1,0,0,1,0,0,0,0,0,0,0,-1,2,1 - NEED TO RE-SCORE AUTON2 - Cannot do L4 but wastes time tryingVery tippy and chaotic,2025iri,7,28,0.6,5%,#REF!
32,4499,B1,SH,1,0,0,0,1,0,1,0,4,4,2,0,1,1,0,0,1,0,0,2,2,0,-1,3,"Auton was wonky, but tele is super solid when NOT rushing to score barge",2025iri,12,70,1.5,48%,#REF!
32,125,R1,AD,1,0,0,0,0,0,0,0,3,5,2,3,2,0,1,0,0,0,0,1,1,0,-1,2,,2025iri,12,54,1,25%,#REF!
32,4143,B3,AGS,1,0,0,0,1,0,1,1,3,3,3,1,0,1,0,0,1,0,1,1,1,0,-1,2,Beached for a bit and struggled with algae,2025iri,11,64,0.8,39%,#REF!
32,234,R2,KA,1,0,0,0,2,0,0,1,3,3,3,0,0,0,0,0,1,0,0,1,1,0,-1,3,"Only problem is they were very slow when actually scoring the coral. They acquired well, but scored slow.",2025iri,10,67,1.1,43%,#REF!
32,2137,R3,RB,1,0,0,0,0,0,1,1,2,4,1,0,1,1,1,0,0,0,0,2,1,0,-1,3,,2025iri,10,42,1.3,12%,#REF!
32,4499,B2,SE,1,0,0,0,4,0,0,0,1,3,2,0,1,2,0,0,1,0,0,1,1,0,-1,3,Great at algae.,2025iri,9,82,1.1,62%,#REF!
33,111,R2,KA,1,0,0,0,1,0,0,7,4,3,2,2,2,0,1,0,0,0,0,1,1,0,-1,4,Very fast,2025iri,18,70,1.2,48%,#REF!
33,3276,R1,AD,1,0,0,0,1,0,0,0,3,4,3,0,6,1,0,0,1,0,0,2,2,0,-1,3,,2025iri,17,102,1.5,89%,#REF!
33,4028,R3,RB,1,0,0,0,3,0,0,3,3,5,3,0,0,1,0,0,1,0,0,2,2,0,-1,4,,2025iri,15,90,1.6,74%,#REF!
33,118,B2,JDS,1,0,0,0,1,0,0,0,2,6,6,0,0,1,0,0,1,0,0,1,1,0,-1,2,Had some issues with coral.,2025iri,15,86,1,68%,#REF!
33,449,B3,AGS,1,0,0,0,0,0,0,1,0,0,0,0,6,0,0,0,1,0,0,1,1,0,-1,1,Auton made a mess of the lollipops and could not pick up coral in tele,2025iri,7,53,0.9,23%,#REF!
33,112,B1,SH,1,0,0,0,0,0,1,0,0,0,0,1,0,1,1,0,0,0,0,1,1,1,5,2,"Broke algae infeed, quick switched to defense - played hard against 4028",2025iri,1,7,1,1%,#REF!
34,3663,B3,AGS,1,1,0,0,2,0,0,0,4,9,5,0,1,0,0,0,1,0,0,1,1,0,-1,2,Descored a coral when plucking algae,2025iri,19,111,1,95%,#REF!
34,1690,R3,RB,1,0,0,0,5,0,0,1,6,4,0,2,1,1,0,0,1,0,0,1,2,0,-1,4,,2025iri,13,96,1.4,82%,#REF!
34,1833,R1,AD,1,0,0,0,4,0,0,3,4,6,0,2,0,0,0,0,1,0,0,1,1,0,-1,2,,2025iri,13,85,1,66%,#REF!
34,2767,B2,JDS,1,0,0,0,1,0,2,0,0,0,0,0,6,0,0,0,1,0,0,1,1,1,6,2,Stole 3 algae and then played defense. Yellow Card,2025iri,6,58,1.033333333,30%,#REF!
34,3414,B1,SH,1,0,0,0,2,0,0,0,0,2,2,1,1,0,0,0,1,0,0,0,0,0,-1,1,HP is a weakness - driver and operator are erratic and chaotic - easily a dozen failed scores due to chaotic and poor execution,2025iri,5,53,0.5,23%,#REF!
34,45,R2,MLM,1,0,0,0,1,0,0,0,0,0,0,2,4,1,0,0,1,0,0,1,0,0,-1,1,Driving was sluggish. Took multiple attempts to score one algae into barge.,2025iri,5,50,0.7,19%,#REF!
35,694,B2,JDS,1,0,0,0,3,0,0,5,1,3,3,0,4,2,0,0,1,0,0,1,1,0,-1,3,A minus score. Has a few ground acquire issues.,2025iri,18,108,1.1,92%,#REF!
35,1987,B3,AGS,1,0,0,0,1,0,2,0,7,6,2,0,2,0,0,0,1,0,0,1,1,0,-1,2,,2025iri,17,89,1,72%,#REF!
35,4145,R2,CB,1,0,0,0,2,0,0,0,1,4,3,1,0,2,1,0,0,0,0,1,1,0,-1,2,Expert driving but the elevator was a little wobbly causing them to miss some,2025iri,10,59,1,31%,#REF!
35,9015,B1,SH,1,0,0,0,1,0,0,1,3,2,3,0,0,0,1,0,0,0,0,0,0,1,2,2,Chaotic uncontrolled driving and operating - seems unsure where and when to score - infeed broke and switched to defense but immediately was penalized,2025iri,9,44,0.566666667,14%,#REF!
35,1023,R1,AD,1,0,0,0,0,0,0,0,1,4,1,2,3,0,0,0,1,0,0,1,0,0,-1,2,,2025iri,9,57,0.8,28%,#REF!
35,469,R3,RB,1,0,0,0,1,0,0,0,0,0,1,0,5,0,1,0,0,0,1,2,0,0,-1,1,,2025iri,6,45,0.7,16%,#REF!
36,7457,B2,SE,1,0,0,0,4,0,0,7,4,2,5,0,4,0,0,0,1,0,0,2,2,0,-1,4,Sooooooo fassssst!!!,2025iri,22,126,1.6,98%,#REF!
36,341,R2,CB,1,0,0,0,1,0,0,7,6,5,3,1,0,0,0,0,1,0,0,2,2,0,-1,3,Missed Auton that,2025iri,21,89,1.5,72%,#REF!
36,3494,B3,AGS,1,0,1,1,0,0,0,3,4,6,0,0,0,2,0,0,1,0,0,1,1,0,-1,2,,2025iri,15,75,1,54%,#REF!
36,4590,R1,AD,1,0,0,0,1,0,2,0,3,1,3,1,7,0,0,0,1,0,0,2,1,0,-1,2,,2025iri,14,92,1.2,76%,#REF!
36,4926,B1,SH,1,0,0,0,1,0,0,0,1,1,3,0,0,0,1,0,0,0,0,0,0,0,-1,0,Chaos - imagine Sarah as driver and operator,2025iri,5,32,0.4,6%,#REF!
37,8044,R3,JDS,1,0,0,0,2,0,0,0,4,5,2,0,5,2,0,0,1,0,0,1,2,0,-1,3,B plus. Slow l3 and l2 scoring.,2025iri,18,109,1.3,93%,#REF!
37,33,B1,SH,1,0,0,0,2,0,0,0,4,3,5,2,5,0,1,0,0,0,0,1,1,0,-1,3,A bit of confusion and maybe mechanical or drive issue at start of tele then solid once they got into the groove,2025iri,17,96,1.1,82%,#REF!
37,4646,B3,AGS,1,0,0,0,2,0,0,0,2,5,3,0,0,2,1,0,0,0,0,1,1,0,-1,2,Struggle bus,2025iri,12,66,1,42%,#REF!
37,2491,R2,CB,1,0,0,0,0,0,2,1,6,2,2,5,1,0,0,0,1,0,0,2,2,0,-1,3,Us if a source bot,2025iri,12,59,1.5,31%,#REF!
37,2832,R1,AD,1,0,0,0,0,0,0,0,3,2,7,0,0,0,1,0,0,0,0,1,1,0,-1,2,,2025iri,12,55,1,26%,#REF!
37,5712,B2,SE,1,0,0,0,0,0,0,0,0,0,0,0,0,0,1,0,0,0,0,0,0,0,-1,1,Could not do anything.,2025iri,0,3,0.5,1%,#REF!
38,5687,B3,AGS,1,0,0,0,4,0,0,1,5,5,1,0,1,2,1,0,0,0,0,1,1,0,-1,2,Very fast coral very bad algae,2025iri,15,87,1,69%,#REF!
38,2075,B1,SH,1,0,0,0,1,0,1,4,4,4,1,2,2,0,1,0,0,0,0,1,1,0,-1,2,,2025iri,15,63,1,38%,#REF!
38,1086,R1,AD,1,0,0,0,3,0,0,0,0,3,4,1,0,0,1,0,0,0,0,0,0,0,-1,1,,2025iri,7,56,0.5,27%,#REF!
38,3357,R3,JDS,1,0,0,0,1,0,0,1,3,1,1,0,0,0,1,0,0,0,0,1,0,0,-1,1,Everything is sooooo slow. Climbed for around 30 seconds and,2025iri,6,30,0.7,6%,#REF!
38,180,R2,CB,1,0,0,0,3,0,0,0,2,2,0,3,0,0,1,0,0,1,0,1,0,0,-1,2,Something is going on they are not the same they also disconnected for like 30 seconds,2025iri,4,38,0.6,11%,#REF!
38,1741,B2,SE,1,0,0,0,3,0,0,0,0,1,2,0,0,0,1,0,0,0,0,0,0,0,-1,2,Not clean at driving.,2025iri,3,38,0.6,11%,#REF!
39,422,B1,SH,1,0,0,0,4,0,0,17,2,3,0,1,1,0,0,0,1,0,0,2,2,0,-1,4,"Could not see all L1 scored on far side, but based on scoring mechanism seems valid",2025iri,23,101,1.6,88%,#REF!
39,2056,B2,SE,1,0,0,0,5,0,0,5,5,4,2,0,3,2,0,0,1,0,0,2,2,0,-1,4,Legit!,2025iri,21,127,1.6,98%,#REF!
39,2481,R2,CB,1,0,0,2,0,0,0,9,3,0,4,3,5,0,1,0,0,0,0,2,2,0,-1,4,Almost fell in Auton,2025iri,21,92,1.6,76%,#REF!
39,1706,B3,AGS,1,0,0,0,1,0,3,2,5,5,0,0,4,0,0,0,1,0,0,1,1,0,-1,2,Stealing algae,2025iri,16,85,1,66%,#REF!
39,9245,R1,AD,1,0,0,1,0,0,0,0,7,7,0,1,1,0,0,0,1,0,0,1,2,0,-1,2,,2025iri,15,76,1.2,56%,#REF!
39,1768,R3,JDS,1,0,0,0,2,0,0,0,1,1,6,0,1,2,0,0,1,0,1,1,1,0,-1,2,Very fast but missed scores.,2025iri,11,80,0.8,59%,#REF!
40,4028,R3,JDS,1,0,0,0,1,0,3,4,5,5,1,0,4,0,0,0,1,0,0,2,2,0,-1,3,B plus. Flung some coral on handoff. Good fast climb.,2025iri,19,94,1.5,79%,#REF!
40,1833,B3,AGS,1,0,0,0,3,0,0,4,5,4,2,1,0,0,1,0,0,0,0,1,1,0,-1,2,Spends too long at source,2025iri,15,73,1,52%,#REF!
40,67,R1,AD,1,0,0,0,2,0,0,0,5,5,4,2,1,0,1,0,0,0,0,1,2,0,-1,3,,2025iri,15,78,1.3,57%,#REF!
40,2137,B1,SH,1,0,0,0,3,0,0,0,4,5,1,4,2,2,0,0,1,0,0,1,1,0,-1,3,B+,2025iri,14,93,1.1,78%,#REF!
40,3538,R2,CB,1,0,0,0,3,0,0,0,4,2,1,1,2,2,0,0,1,0,0,1,2,0,-1,2,Good but not elite,2025iri,11,81,1.2,60%,#REF!
40,9032,B2,JF,1,0,0,0,1,0,0,0,2,4,1,1,1,2,0,0,1,0,0,1,1,0,-1,2,Seemed very slow on scoring coral especially on L4,2025iri,10,63,1,38%,#REF!
41,125,R1,AD,1,0,0,0,3,0,0,0,4,4,3,1,5,0,0,0,1,0,0,2,2,0,-1,3,,2025iri,16,109,1.5,93%,#REF!
41,3276,B1,JDS,1,0,0,0,1,0,1,0,1,5,2,0,2,0,0,0,1,0,0,1,1,0,-1,2,Missed 3 or 4 algae in the barge. Slow scoring. Fast climb,2025iri,10,67,1,43%,#REF!
41,10021,R3,KA,1,0,0,0,3,0,0,0,4,5,0,0,0,0,1,0,0,0,0,1,1,0,-1,3,Helped teamate un beach they got coral that was stuck in them out. Bad hanging mechanism,2025iri,9,56,1.1,27%,#REF!
41,234,B2,JF,1,0,0,0,1,0,0,0,3,2,4,2,0,0,0,0,1,0,0,1,1,0,-1,2,Very slow in general and also seem quite top heavy,2025iri,9,59,1,31%,#REF!
41,469,B3,RH,1,0,0,0,1,0,0,0,1,3,2,0,0,0,1,0,0,0,0,1,1,0,-1,2,,2025iri,6,35,1,9%,#REF!
41,3414,R2,Hh,1,0,0,0,1,0,1,0,0,0,0,1,2,2,0,0,1,0,1,1,1,0,-1,2,Maybe on being actively up but can do deep climb not ideal for processor lifted whole side of plex,2025iri,4,42,0.8,12%,#REF!
42,341,R2,Hh,1,0,0,0,2,0,0,8,5,4,2,2,0,2,0,0,1,0,0,2,2,0,-1,4,Beautiful very quick and efficient auton missed one but did two more successfully climb might have fallen back down but idk,2025iri,21,94,1.6,79%,#REF!
42,118,B2,MLM,1,0,0,0,1,0,0,0,2,4,3,1,8,0,0,0,1,0,0,1,2,0,-1,3,"Auton sad, got stuck on first L4. Otherwise pretty clean, really smooth. Algae was pretty fast.",2025iri,17,107,1.3,91%,#REF!
42,4145,B1,JDS,1,0,0,0,2,0,0,1,5,4,2,0,2,0,1,0,0,0,0,1,2,0,-1,3,Slow at the source.,2025iri,14,72,1.3,51%,#REF!
42,302,R1,AD,1,0,0,0,2,0,0,0,3,4,2,1,3,0,0,0,1,0,0,1,1,0,-1,2,,2025iri,12,82,1,62%,#REF!
42,4655,R3,KA,1,0,0,0,1,0,2,1,3,4,3,0,0,0,0,0,1,0,0,1,1,0,-1,3,,2025iri,11,64,1.1,39%,#REF!
43,1690,R3,KA,1,0,0,0,5,0,0,9,5,5,1,2,0,1,0,0,1,0,0,2,2,0,-1,4,"Best intake, auton, and coral placer I have witnessed at this competition.",2025iri,21,112,1.6,95%,#REF!
43,111,B1,JDS,1,0,0,1,1,0,0,6,3,5,5,0,2,0,1,0,0,0,0,2,2,0,-1,4,Missed in auton and then stopped.,2025iri,21,94,1.6,79%,#REF!
43,3494,B2,MLM,1,0,1,1,0,0,0,5,5,1,0,2,0,2,0,0,1,0,0,1,1,0,-1,2,Mid. Not great but pretty decent.,2025iri,13,62,1,36%,#REF!
43,1987,B3,AC,1,0,1,0,2,0,0,1,2,4,4,0,1,0,0,0,1,0,0,1,1,1,0,3,"Missed 2 L2, missed 1 L1, went over and played ineffective defense",2025iri,12,83,0.916666667,63%,#REF!
43,1024,R2,Hh,1,0,0,0,0,0,0,1,3,6,2,0,0,0,0,0,1,0,0,1,1,0,-1,3,Auton might have been a stay out of the way auton cause did not do practically anything seems like the robot could be in danger of tipping,2025iri,12,,,0%,
43,4499,R1,AD,1,0,0,0,3,0,0,2,1,0,1,2,3,1,0,0,1,0,0,1,0,0,-1,1,,2025iri,8,70,0.7,48%,#REF!
44,868,B3,AC,1,0,0,0,4,0,0,0,7,4,2,0,0,2,1,0,0,0,0,1,2,0,-1,2,,2025iri,15,86,1.2,68%,#REF!
44,1023,R1,AD,1,0,0,0,2,0,0,0,5,4,2,1,4,0,1,0,0,0,0,1,2,0,-1,3,,2025iri,15,,,0%,
44,4590,B1,JDS,1,0,0,0,2,0,0,0,1,4,2,0,6,0,0,0,1,0,0,1,2,0,-1,2,Got temporarily stuck on barge.,2025iri,13,94,1.2,79%,#REF!
44,5687,R2,AGS,1,0,0,0,4,0,0,0,5,5,1,0,0,2,0,0,1,0,0,1,1,0,-1,2,Suffers under defense,2025iri,13,91,1,75%,#REF!
44,5712,R3,KA,1,0,0,0,1,0,1,0,1,3,3,1,2,0,1,0,0,0,0,0,1,0,-1,3,"They were getting fouled, and had defense on them the whole match. If not they could have preformed better",2025iri,9,52,0.9,22%,#REF!
44,4143,B2,MLM,1,0,0,0,1,0,1,0,0,0,0,1,1,0,0,0,1,0,0,1,1,1,6,3,"Super slow at scoring. The cycles were just that slow. Defense was effective, but they could be better if they werent so scared of 3sec pin penalty.",2025iri,1,28,1.116666667,5%,#REF!
45,2481,B1,JDS,1,0,0,2,2,0,0,5,6,4,4,0,4,0,0,0,1,0,0,1,1,0,-1,4,Infeed two coral twice. Pretty good l1.,2025iri,23,129,1.2,99%,#REF!
45,2826,R3,KA,1,0,0,0,0,0,0,0,4,4,5,0,0,0,0,0,1,0,0,1,1,0,-1,2,,2025iri,13,68,1,45%,#REF!
45,4646,R2,AGS,1,0,0,0,1,0,0,0,1,2,4,0,2,1,1,0,0,0,0,1,1,0,-1,2,Failed climb,2025iri,10,57,1,28%,#REF!
45,3940,B3,RH,1,0,0,0,3,0,0,0,3,3,2,0,0,0,0,0,1,0,0,1,1,0,-1,3,They had a good auton,2025iri,8,67,1.1,43%,#REF!
45,45,B2,MLM,1,0,0,0,1,0,1,0,1,2,1,0,0,2,1,0,0,0,0,1,1,0,-1,1,"Missed the same L2 peg twice. Moves way too slow overall, although they do move precisely.",2025iri,6,34,0.9,8%,#REF!
45,1741,R1,AD,1,0,0,0,1,0,0,0,1,4,0,0,0,1,0,0,0,0,0,1,0,0,-1,0,,2025iri,6,33,0.6,7%,#REF!
46,9245,R2,AGS,1,0,0,2,0,0,0,0,9,9,0,1,0,0,0,0,1,0,0,1,1,0,-1,2,,2025iri,18,90,1,74%,#REF!
46,694,B1,JDS,1,0,0,0,4,0,0,7,2,2,1,0,4,0,1,0,0,0,0,1,1,0,-1,3,Steady scoring,2025iri,16,88,1.1,71%,#REF!
46,3663,B2,MLM,1,0,0,0,1,0,2,2,5,3,2,0,4,0,0,0,1,0,0,1,1,0,-1,2,Slow but moved efficiently with the speed they had. Mostly clean.,2025iri,16,87,1,69%,#REF!
46,1768,B3,RH,1,0,0,0,3,0,0,0,4,2,2,1,1,2,0,0,0,0,0,1,1,0,-1,2,,2025iri,11,68,1,45%,#REF!
46,33,R1,AD,1,0,0,0,3,0,0,0,1,1,0,3,5,2,0,0,1,0,0,1,1,0,-1,2,,2025iri,9,81,1,60%,#REF!
46,3767,R3,KA,1,0,0,0,1,0,0,0,1,1,6,0,0,0,0,0,1,0,0,1,1,0,-1,3,In beginning bad intake issues,2025iri,8,59,1.1,31%,#REF!
47,2056,R1,AD,1,0,0,0,4,0,0,11,3,4,2,3,2,2,0,0,1,0,0,2,2,0,-1,4,,2025iri,24,120,1.6,97%,#REF!
47,3538,B1,JDS,1,0,0,0,4,0,0,0,8,8,5,0,2,0,1,0,0,0,0,2,2,0,-1,4,They were cooking. Could not get climb.,2025iri,23,124,1.6,98%,#REF!
47,8044,R2,HH,1,0,0,1,2,0,0,7,0,0,0,1,6,0,0,0,1,0,0,1,2,0,-1,3,Good at algae scored three in auton and dislodged algae however the barge mechanism seems like it could end up getting stuck and resulting in a penalty,2025iri,13,85,1.3,66%,#REF!
47,112,B2,MLM,1,0,0,0,0,0,2,0,0,0,0,1,5,3,0,0,1,0,0,1,1,1,2,2,"Missed at least 3 barge algae. Defense, they got more penalties than they did give defense.",2025iri,8,57,0.9,28%,#REF!
47,3357,R3,HM,1,0,0,0,0,0,0,0,0,0,3,0,0,0,0,0,0,0,0,1,1,0,-1,1,Disabled during auton,2025iri,3,18,0.9,3%,#REF!
47,3357,B3,RH,1,0,0,0,0,0,0,0,0,1,1,0,0,0,1,0,0,0,0,1,1,0,-1,2,It die for a bit,2025iri,2,12,1,2%,#REF!
48,180,R1,AD,1,0,0,0,3,0,0,1,8,7,1,1,0,0,0,0,1,0,0,1,1,0,-1,3,,2025iri,17,95,1.1,81%,#REF!
48,2832,R3,HM,1,0,0,0,1,0,0,0,5,5,2,2,2,0,0,0,1,0,0,1,1,0,-1,2,,2025iri,14,79,1,58%,#REF!
48,1706,B1,JDS,1,0,0,0,1,0,3,2,3,3,0,0,5,0,0,0,1,0,0,1,2,0,-1,3,Defended at source but good scoring.,2025iri,13,77,1.3,57%,#REF!
48,1086,B2,MLM,1,0,0,0,1,0,0,2,0,0,5,0,0,0,0,0,1,0,0,1,1,0,-1,2,"Auto stopped at hs after first score. Missed 5 coral tely, 2 of them being the same L3 peg.",2025iri,7,51,1,21%,#REF!
48,2832,B3,RH,1,0,0,0,0,0,0,0,3,2,1,0,0,0,1,0,0,0,0,2,1,0,-1,3,,2025iri,6,25,1.3,4%,#REF!
48,449,R2,HH,1,0,1,0,1,0,0,0,0,0,0,1,4,0,1,0,0,0,0,1,1,1,2,2,Very weird algae mechanism drivers almost seem a little confused in my opinion decent speed but idk,2025iri,4,38,0.9,11%,#REF!
49,422,R3,HM,1,0,0,0,3,0,0,7,4,4,1,2,2,0,1,0,0,0,0,1,1,0,-1,2,,2025iri,18,83,1,63%,#REF!
49,1732,R1,AD,1,0,0,1,0,0,1,1,2,2,1,3,4,0,0,0,1,0,0,1,0,0,-1,2,,2025iri,10,66,0.8,42%,#REF!
49,2075,B2,MLM,1,0,0,0,2,0,0,1,2,3,0,2,4,0,1,0,0,0,0,1,1,0,-1,2,Occasionally struggled to acquire algae handoff for itself. Coral scoring was pretty steady.,2025iri,10,61,1,34%,#REF!
49,9032,B1,JDS,1,0,0,0,1,0,0,1,4,2,1,0,2,0,0,0,1,0,0,1,1,0,-1,2,Chucked a few coral.,2025iri,10,61,1,34%,#REF!
49,9015,R2,HH,1,0,0,0,1,0,0,1,1,4,4,0,0,0,0,0,1,0,0,1,1,0,-1,3,Good speed and accuracy but the driver almost seemed a bit sloppy at the start in the way the robot moved,2025iri,10,63,1.1,38%,#REF!
50,111,B1,JDS,1,0,0,1,0,0,1,0,8,7,5,0,2,0,0,0,1,0,0,2,2,0,-1,4,Just snuck in climb.,2025iri,22,110,1.6,94%,#REF!
50,67,R2,HH,1,0,0,0,4,0,0,4,4,4,2,1,1,0,0,0,1,0,0,1,2,0,-1,3,Very fast and pretty accurate takes time to line up for intaking coral accidentally knocked stuff off,2025iri,15,95,1.3,81%,#REF!
50,2491,R1,AD,1,0,0,1,0,0,2,0,3,3,1,2,1,0,0,0,1,0,0,1,1,0,-1,2,Disconnected for a second,2025iri,8,53,1,23%,#REF!
50,3414,B3,RH,1,0,0,0,0,0,0,0,0,2,1,0,3,2,1,0,0,0,0,1,1,0,-1,2,,2025iri,8,42,1,12%,#REF!
50,234,B2,MLM,1,0,0,0,2,0,0,1,1,2,2,0,0,0,0,0,1,0,0,1,0,0,-1,0,"Super slow auto, but it scored everything. Decent tely speed, but took forever to line up to score coral.",2025iri,6,52,0.6,22%,#REF!
51,1690,B3,CB,1,0,0,0,4,0,0,7,6,5,1,2,0,2,0,0,1,0,1,2,2,0,-1,4,Beached for a second and dropped 1 ball,2025iri,21,108,1.4,92%,#REF!
51,2481,B2,MLM,1,0,0,2,1,0,0,0,3,4,2,1,7,0,0,0,1,0,0,1,1,0,-1,3,Pretty decent all around.,2025iri,16,111,1.1,95%,#REF!
51,4143,R1,AD,1,0,0,0,1,0,0,0,0,5,7,2,1,0,0,0,1,0,0,1,1,0,-1,2,,2025iri,13,83,1,63%,#REF!
51,2826,B1,JDS,1,0,0,0,3,0,0,1,2,2,0,0,0,0,1,0,0,0,0,1,1,0,-1,1,Descored l2 when trying to score l1.,2025iri,5,40,0.9,12%,#REF!
51,10021,R3,ZH,1,2,6,2,2,0,0,0,0,0,0,0,0,0,0,0,0,0,0,1,0,0,-1,2,,2025iri,0,59,0.8,31%,#REF!
51,4145,R2,AGS,1,0,0,0,0,0,0,0,0,0,0,0,0,0,1,0,0,0,0,1,1,1,2,0,Robot was not working so they had to play defense,2025iri,0,3,0.733333333,1%,#REF!
52,9245,B3,CB,1,0,2,2,0,0,0,0,8,10,0,1,0,0,0,0,1,0,0,2,2,0,-1,3,Super stable and fast,2025iri,18,99,1.5,86%,#REF!
52,3940,R1,AD,1,0,0,0,2,0,0,0,6,7,3,2,0,0,1,0,0,0,0,2,2,0,-1,3,,2025iri,16,78,1.5,57%,#REF!
52,4028,B1,JDS,1,0,0,0,1,0,3,0,0,0,6,0,7,0,1,0,0,0,0,2,2,0,-1,3,"Good algae stealing, no climb.",2025iri,13,82,1.5,62%,#REF!
52,5907,B2,MLM,1,0,0,0,0,0,0,0,0,0,5,3,1,2,1,0,0,0,0,1,1,0,-1,2,Missed first and Nick didn’t feed in time in auto. Lil sparratic but scored most pieces in tely.,2025iri,8,42,1,12%,#REF!
52,3494,R2,AGS,1,0,1,2,0,0,0,0,1,2,0,0,0,2,1,0,0,0,0,1,1,0,-1,1,Coral stuck in robot,2025iri,5,38,0.9,11%,#REF!
52,4646,R3,ZH,1,2,0,0,4,0,3,0,0,0,0,0,0,0,0,0,0,0,0,1,1,0,-1,3,,2025iri,0,37,1.1,10%,#REF!
53,3276,R2,AGS,1,0,0,0,1,0,2,0,5,7,3,0,3,0,0,0,1,0,0,1,1,0,-1,2,,2025iri,18,98,1,85%,#REF!
53,3538,B1,JDS,1,0,0,0,1,0,2,0,6,6,6,0,0,0,0,0,1,0,0,2,2,0,-1,4,Had 2 algae bounce out on them.,2025iri,18,94,1.6,79%,#REF!
53,8044,B3,SH,1,0,0,0,3,0,0,10,0,0,1,1,5,1,0,0,1,0,0,2,2,0,-1,4,TBD - restore L1 in Tele - couldn,2025iri,17,95,1.6,81%,#REF!
53,4499,R1,AD,1,0,0,0,2,0,0,1,3,5,5,0,0,0,0,0,1,0,0,2,1,0,-1,3,,2025iri,14,85,1.3,66%,#REF!
53,1023,B2,MLM,1,0,0,0,1,0,0,0,6,6,0,1,0,1,0,0,1,0,0,1,1,0,-1,2,"Second half of auto went wack. L2 and L3 were very consistent. But every attempt at L4 failed, they tried at least 3 or 4 times.",2025iri,13,68,1,45%,#REF!
54,2137,R1,AD,1,0,0,0,3,0,0,0,6,8,3,1,1,0,0,0,1,0,0,2,2,0,-1,4,,2025iri,18,107,1.6,91%,#REF!
54,3663,B2,MLM,1,0,0,0,3,0,0,3,5,4,1,0,4,0,0,0,1,0,0,1,1,0,-1,3,"Dropped one or two coral, but otherwise pretty good. Could be a bit speedier.",2025iri,17,102,1.1,89%,#REF!
54,5712,B3,SH,1,0,0,0,0,0,1,0,3,6,2,3,1,2,0,0,1,0,0,1,1,0,-1,3,A bit Slow to line up and execute scoring of coral and algae but consistent and under control,2025iri,14,72,1.1,51%,#REF!
54,469,B1,JDS,1,0,0,0,2,0,0,0,2,2,4,1,1,0,1,0,0,0,0,1,1,0,-1,2,Missed several l2 and l1. Did not have to climb.,2025iri,9,57,1,28%,#REF!
54,1086,R2,AGS,1,0,0,0,2,0,0,0,0,3,4,0,0,0,0,0,1,0,0,1,1,0,-1,2,Dropped several coral,2025iri,7,61,1,34%,#REF!
55,422,R2,AGS,1,0,0,0,4,0,0,3,6,6,5,0,3,0,0,0,1,0,0,1,2,0,-1,3,Fast,2025iri,23,134,1.3,100%,#REF!
55,118,B3,SH,1,0,0,0,4,0,0,0,0,5,1,1,4,0,0,0,1,0,0,2,2,0,-1,4,NEED TO RE-WATCH AND RE-SCOUT DATA,2025iri,10,92,1.6,76%,#REF!
55,33,B2,MLM,1,0,0,0,2,0,0,0,3,0,1,3,4,0,0,0,1,0,0,1,2,0,-1,3,Pretty consistent. Got beached for a bit but got off again with help. Something was wrong/stuck and couldn,2025iri,8,67,1.3,43%,#REF!
55,2767,R1,AD,1,0,0,0,1,0,2,0,0,0,0,1,6,0,0,0,1,0,0,1,1,1,5,2,Defense couldn’t be judged well,2025iri,6,58,1,30%,#REF!
55,3357,B1,JDS,1,0,0,0,1,0,0,0,0,0,0,0,0,0,0,0,0,1,0,1,1,0,-1,0,Lost comms very early into tele and did not play anymore during the match.,2025iri,0,10,0.6,2%,#REF!
56,1768,R1,AD,1,1,0,0,3,0,0,2,5,6,2,2,1,0,0,0,1,0,0,2,2,0,-1,4,,2025iri,16,98,1.6,85%,#REF!
56,125,B3,SH,1,0,0,0,2,0,0,0,5,4,3,2,1,2,0,0,1,0,0,1,1,0,-1,3,Some times Coral slips out from scoring mech and they have to re-acquire from wall,2025iri,15,89,1.1,72%,#REF!
56,2832,B2,MLM,1,0,0,0,2,0,0,0,5,3,2,4,4,0,0,0,1,0,0,1,1,0,-1,3,Super steady at scoring and acquiring. Slightly slower pace and only missed once when robot lined up wrong on opposite face of reef.,2025iri,14,90,1.1,74%,#REF!
56,2075,R2,AGS,1,0,0,0,1,0,2,0,3,4,1,0,0,2,0,0,1,0,0,1,1,0,-1,2,Struggles at HP station,2025iri,10,60,1,33%,#REF!
56,1024,B1,JDS,1,1,0,0,0,0,0,0,2,4,3,0,0,0,1,0,0,0,0,1,1,0,-1,2,Missed a few. Slow acquire from slide.,2025iri,9,43,1,14%,#REF!
57,694,R2,AGS,1,0,0,0,3,0,0,6,2,2,2,0,5,0,0,0,1,0,0,1,2,0,-1,3,,2025iri,17,102,1.3,89%,#REF!
57,1741,B2,MLM,1,0,0,0,2,0,0,0,4,4,4,0,0,0,1,0,0,0,0,0,1,0,-1,2,Slow. Looked very tippy when they tried to adjust when scoring L4. Inconsistent.,2025iri,12,65,0.8,40%,#REF!
57,1833,R1,AD,1,1,0,0,1,0,0,1,4,4,2,0,0,0,0,0,1,0,0,2,1,0,-1,2,,2025iri,11,65,1.2,40%,#REF!
57,449,B1,JDS,1,0,0,0,0,0,0,1,2,0,0,0,8,0,0,0,1,0,0,1,1,0,-1,3,Focused algae. Slow l2 scoring.,2025iri,11,71,1.1,50%,#REF!
57,1732,B3,SH,1,0,0,0,3,0,0,0,2,4,3,2,1,0,0,0,0,0,0,1,1,0,-1,2,ReScout - iPad being wonky,2025iri,10,67,1,43%,#REF!
58,868,B2,MLM,1,0,0,0,4,0,0,0,4,5,2,3,4,1,0,0,1,0,0,1,2,0,-1,3,Pretty good play. Successfully and efficiently scored all gamepieces. Also handled redirection well when robot switched from scoring in barge to processor instead.,2025iri,16,113,1.3,96%,#REF!
58,2491,R1,AD,1,0,0,0,4,0,0,1,2,1,1,3,8,2,0,0,1,0,0,2,2,0,-1,4,,2025iri,15,116,1.6,97%,#REF!
58,3767,R2,AGS,1,0,0,0,1,0,0,1,6,5,1,0,0,0,1,0,0,0,0,1,1,0,-1,2,Drops coral,2025iri,13,55,1,26%,#REF!
58,2491,B1,JDS,1,0,0,0,1,0,2,0,4,4,2,0,0,1,0,0,1,0,0,1,1,0,-1,2,Stole an algae from opponents in auton.,2025iri,11,64,1,39%,#REF!
58,4926,B3,CB,1,0,0,0,2,0,0,0,4,4,0,0,0,0,0,0,1,0,0,1,0,0,-1,1,Slow and can,2025iri,8,57,0.7,28%,#REF!
59,5687,R1,AD,1,0,0,0,4,0,0,4,9,4,1,2,2,0,0,0,0,0,0,2,2,0,-1,4,,2025iri,20,99,1.6,86%,#REF!
59,1987,R2,AGS,1,0,0,0,1,0,2,1,3,6,5,0,1,0,0,0,1,0,0,1,1,0,-1,2,Drops coral,2025iri,16,88,1,71%,#REF!
59,302,B2,MLM,1,0,0,0,3,0,0,2,4,4,1,2,3,0,0,0,1,0,0,1,1,0,-1,2,Not the best but pretty steady. Not terrible.,2025iri,14,91,1,75%,#REF!
59,7457,B3,RH,1,0,0,0,2,0,0,4,2,2,4,0,2,0,0,0,1,0,0,1,2,0,-1,3,,2025iri,14,83,1.3,63%,#REF!
59,9032,B1,JDS,1,0,0,0,1,0,0,8,1,0,0,0,2,0,0,0,1,0,0,1,1,0,-1,2,A stopped after l4. Restored an l2 they descored,2025iri,11,53,1,23%,#REF!
60,111,R1,AD,1,0,0,0,0,0,0,3,8,7,3,0,3,0,0,0,1,0,0,2,2,0,-1,4,,2025iri,24,106,1.6,91%,#REF!
60,111,R3,HM,1,0,0,1,0,0,2,3,9,4,4,1,1,0,0,0,1,0,0,1,1,0,-1,3,,2025iri,21,96,1.1,82%,#REF!
60,3494,B1,JDS,1,0,1,2,0,0,0,0,7,4,0,0,0,1,0,0,1,0,0,1,1,0,-1,2,"Slow cycling, maybe because of ground infeed?",2025iri,12,72,1,51%,#REF!
60,4145,B2,MLM,1,0,0,0,2,0,0,0,2,3,2,3,3,1,0,0,1,0,0,1,2,0,-1,3,Missed 1/3 coral auto. Pretty good otherwise. Clean cycles.,2025iri,11,79,1.3,58%,#REF!
60,1023,R2,AGS,1,0,0,0,3,0,0,0,0,0,0,0,5,2,1,0,0,0,0,1,2,1,6,3,Stealing algae,2025iri,7,62,1.283333333,36%,#REF!
60,3663,B3,RH,1,0,0,0,1,0,0,0,4,0,0,0,2,0,0,0,0,0,0,1,1,0,-1,3,,2025iri,6,34,1.1,8%,#REF!
61,4143,B1,SE,1,0,0,0,1,0,0,4,1,5,4,0,0,1,1,0,0,0,0,1,1,0,-1,2,Clean at ground infeed.,2025iri,15,65,1,40%,#REF!
61,9015,R3,JF,1,0,0,0,3,0,0,0,5,5,3,0,0,0,0,0,0,0,0,1,1,0,-1,2,Have a four piece auto but missed one,2025iri,13,74,1,54%,#REF!
61,5907,R1,AD,1,0,0,0,1,0,1,0,2,3,1,4,1,2,1,0,0,0,0,1,0,0,-1,1,,2025iri,9,47,0.7,18%,#REF!
61,2481,B3,RH,1,0,0,0,1,0,0,0,2,3,3,0,1,0,0,0,0,0,0,1,1,0,-1,2,,2025iri,9,49,1,18%,#REF!
61,3414,B2,MLM,1,0,0,0,3,0,0,0,0,0,1,1,3,2,0,0,1,0,0,1,0,0,-1,1,Nope. They kept almost scoring the algae and had to run after them too many times. Inconsistent and probably unreliable.,2025iri,6,67,0.7,43%,#REF!
61,3357,R2,AGS,0,0,0,0,0,0,0,0,0,0,0,0,0,0,1,0,0,0,0,1,1,1,2,0,Seems like drivetrain issues,2025iri,0,0,0.733333333,0%,#REF!
62,9245,B1,SE,1,0,0,2,0,0,0,0,10,7,0,0,0,0,0,0,1,0,0,1,2,0,-1,3,Very quick under no defense.,2025iri,17,85,1.3,66%,#REF!
62,118,B3,RH,1,0,0,0,3,0,0,9,0,0,0,0,2,4,0,0,1,0,0,2,1,0,-1,4,Ya nasa robot looks like nasa robot,2025iri,15,82,1.4,62%,#REF!
62,2826,R1,AD,1,0,0,0,1,0,0,7,3,4,1,2,0,0,0,0,1,0,0,1,2,0,-1,2,,2025iri,15,66,1.2,42%,#REF!
62,4590,B2,MLM,1,0,0,0,0,0,0,0,0,1,5,1,6,0,0,0,1,0,0,1,1,0,-1,2,Gonna be honest I completely missed auto cause I was zoned out. Seemed pretty decent in tely tho.,2025iri,12,80,1,59%,#REF!
62,10021,R2,AGS,1,0,0,0,1,0,0,0,4,2,3,1,0,0,1,0,0,0,0,1,1,0,-1,2,Coral stuck in belly pan for a bit,2025iri,9,45,1,16%,#REF!
62,1086,R3,JF,1,0,0,0,2,0,0,0,1,1,5,2,1,0,1,0,0,0,0,1,0,0,-1,2,Seemed to be messing up their controls a ton going to different levels,2025iri,8,55,0.8,26%,#REF!
63,1690,R2,AGS,1,0,2,0,2,0,0,11,3,6,2,0,0,2,0,0,1,0,0,1,1,0,-1,2,,,24,110,,94%,#REF!
63,341,B1,JDS,1,0,0,0,2,0,0,9,4,4,3,0,1,0,0,0,1,0,0,2,2,0,-1,4,Very good l1 cycles.,,21,96,,82%,#REF!
63,33,R1,AD,1,1,0,0,2,0,0,2,6,6,3,1,1,0,0,0,1,0,0,2,2,0,-1,4,,,18,99,,86%,#REF!
63,4028,B2,MLM,1,0,0,0,1,0,2,1,2,2,1,1,8,0,1,0,0,0,0,1,2,0,-1,3,Missed last algae of auto and didn’t lift off of ground even though climber actuated.,,14,79,,58%,#REF!
63,125,R3,JF,1,0,0,0,2,0,0,1,0,2,2,3,7,0,0,0,1,0,0,1,1,0,-1,2,They have to drop the coral from their robot to L1,,12,91,,75%,#REF!
63,2137,B3,RH,1,0,0,0,1,0,0,0,2,2,3,0,1,0,0,0,0,0,0,1,1,0,-1,2,,,8,45,,16%,#REF!
64,3276,B2,MLM,1,0,0,0,1,0,3,1,2,7,5,1,2,1,0,0,1,0,0,1,2,0,-1,3,Really clean. Put up some decent cycles while having to work around a dead teammate.,,18,99,,86%,#REF!
64,868,R1,AD,1,0,0,0,3,0,0,1,3,4,3,1,4,0,0,0,1,0,0,0,1,0,-1,2,,,15,102,,89%,#REF!
64,1732,B1,JDS,1,0,0,0,3,0,0,0,5,5,2,0,2,1,0,0,1,0,0,1,1,0,-1,3,Did good but not great. Sat trying to do an l4 when their teammate was in the was instead of going somewhere else.,,15,97,,84%,#REF!
64,1741,R3,RB,1,0,0,0,1,0,1,1,5,3,2,0,0,0,1,0,0,0,0,1,2,0,-1,3,,,11,49,,18%,#REF!
64,2832,R2,AGS,1,0,0,0,2,0,0,0,3,4,3,0,0,0,0,0,1,0,0,1,1,0,-1,2,Throws lots of coral,,10,69,,47%,#REF!
64,8044,B3,KA,1,1,0,0,1,0,0,0,0,0,0,0,0,0,0,0,0,1,0,1,1,0,-1,2,They disabled right after auton,,0,13,,2%,#REF!